Current Medical Endorsed Retailers,,,,,,,,,,,,,,,
,,,,,,,,,,,,,,,
License Number,UBI,Tradename,Privilege,Status,Med Privilege Code,Termination Code,Street Address,Suite Rm,City,State,County,Zip Code,Date Created,Day Phone,Email
415470,6.04349E+15,2020 SOLUTIONS IRON STREET                   ,MARIJUANA RETAILER       ,PENDING (ISSUED),395,  ,2018 IRON ST STE A            ,                         ,BELLINGHAM              ,WA,WHATCOM,982264212,20190403,2068180966,KYLE@I502SOLUTIONS.COM
413314,6.04349E+15,2020 SOLUTIONS ON THE GUIDE                  ,MARIJUANA RETAILER       ,ACTIVE (ISSUED),395,  ,5655 GUIDE MERIDIAN STE A     ,                         ,BELLINGHAM              ,WA,WHATCOM,982269722,20190403,2068180966,ME@JOEDIGIUGNO.COM ; AARON@I502SOLUTIONS.COM
420908,6.04349E+15,2020 SOLUTIONS PACIFIC HIGHWAY               ,MARIJUANA RETAILER       ,ACTIVE (ISSUED),395,  ,4770 PACIFIC HWY STE A        ,                         ,BELLINGHAM              ,WA,WHATCOM,982269049,20190501,3607342020,ME@JOEDIGIUGNO.COM
422099,6.04152E+15,365 RECREATIONAL CANNABIS                    ,MARIJUANA RETAILER       ,ACTIVE (ISSUED),395,  ,36711 U.S. HIGHWAY 12         ,                         ,DAYTON                  ,WA,COLUMBIA,983288622,20190403,5093823161,SEANTHERIDER@HOTMAIL.COM
423784,6.0343E+15,365 RECREATIONAL CANNABIS                    ,MARIJUANA RETAILER       ,ACTIVE (ISSUED),395,  ,17517 15TH AVE NE #B          ,                         ,SHORELINE               ,WA,KING,981553801,20160926,2065577778,RECREATIONAL365@YAHOO.COM
413586,6.03352E+15,4:20 FRIENDLY                                ,MARIJUANA RETAILER       ,ACTIVE (ISSUED),395,  ,1515 LEWIS ST                 ,                         ,SPOKANE                 ,WA,SPOKANE,992249785,20151113,5094990999,A420STORE@GMAIL.COM
424848,6.03534E+15,420 CAPITOL                                  ,MARIJUANA RETAILER       ,ACTIVE (ISSUED),395,  ,5980 CAPITOL BLVD SE          ,                         ,TUMWATER                ,WA,THURSTON,985015274,20170502,3604026368,Champagneproducts@gmail.com
415083,6.03359E+15,420 CARPENTER                                ,MARIJUANA RETAILER       ,ACTIVE (ISSUED),395,  ,422 CARPENTER RD STE 105      ,                         ,LACEY                   ,WA,THURSTON,985037906,20151009,3604026368,CHAMPAGNEPRODUCTS@GMAIL.COM
426678,6.03579E+15,420 ELMA ON MAIN                             ,MARIJUANA RETAILER       ,PENDING (ISSUED),395,  ,306 W MAIN ST                 ,                         ,ELMA                    ,WA,GRAYS HARBOR,985410000,20180423,2539061919,RTRANNIER@HOTMAIL.COM
428560,6.04183E+15,420 GRAND CENTRAL                            ,MARIJUANA RETAILER       ,ACTIVE (ISSUED),395,  ,19941 OLD HIGHWAY 99 SW       ,                         ,ROCHESTER               ,WA,THURSTON,985798689,20190513,3604026368,CHAMPAGNEPRODUCTS@GMAIL.COM
415526,6.03359E+15,420 HOLIDAY                                  ,MARIJUANA RETAILER       ,ACTIVE (ISSUED),395,  ,2028 10TH AVE                 ,                         ,LONGVIEW                ,WA,COWLITZ,986324007,20151014,3607033103,DHALAIANDY@GMAIL.COM
423372,6.0348E+15,420 TACOMA                                   ,MARIJUANA RETAILER       ,ACTIVE (ISSUED),395,  ,2128 S 37TH ST                ,                         ,TACOMA                  ,WA,PIERCE,984097445,20160906,3604026368,BEANJA@COMCAST.NET
414733,6.03359E+15,420 WEST                                     ,MARIJUANA RETAILER       ,PENDING (ISSUED),395,  ,410 RONLEE LN NW A1           ,                         ,OLYMPIA                 ,WA,THURSTON,985029266,20151009,3604026368,CHAMPAGNEPRODUCTS@GMAIL.COM
421491,6.03295E+15,A & J MANAGEMENT GROUP                       ,MARIJUANA RETAILER       ,ACTIVE (ISSUED),395,  ,234 DIVISION ST NW STE B      ,                         ,OLYMPIA                 ,WA,THURSTON,985024916,20160209,5055507710,JENNARAE51@GMAIL.COM
414441,6.0345E+15,A GREENER TODAY MARIJUANA                    ,MARIJUANA RETAILER       ,ACTIVE (ISSUED),395,  ,5209 MARTIN LUTHER KING JR.   ,WAY S                    ,SEATTLE                 ,WA,KING,981186131,20161216,2066877877,BRIE.DYSON@GMAIL.COM
414814,6.0345E+15,A GREENER TODAY MARIJUANA                    ,MARIJUANA RETAILER       ,ACTIVE (ISSUED),395,  ,16053 AURORA AVE N STE B      ,STE B                    ,SHORELINE               ,WA,KING,981332610,20170324,2068017756,BRIE.DYSON@GMAIL.COM
422044,6.04134E+15,A GREENER TODAY MARIJUANA                    ,MARIJUANA RETAILER       ,ACTIVE (ISSUED),395,  ,19315 BOTHELL EVERETT HWY #1  ,UNIT 1                   ,BOTHELL                 ,WA,SNOHOMISH,980127112,20171121,4257736021,BRIE.DYSON@GMAIL.COM
422168,6.03556E+15,A GREENER TODAY MARIJUANA-GOLD BAR           ,MARIJUANA RETAILER       ,ACTIVE (ISSUED),395,  ,16810 415TH AVE SE STE A-2    ,                         ,GOLD BAR                ,WA,SNOHOMISH,982510000,20160428,4257736037,RUSSIANWORM@GMAIL.COM
422109,6.03556E+15,A GREENER TODAY MARIJUANA-LYNNWOOD           ,MARIJUANA RETAILER       ,ACTIVE (ISSUED),395,  ,14608 HWY 99 SUITE #304       ,                         ,LYNNWOOD                ,WA,SNOHOMISH,980875500,20160421,4257736037,PUGETSOUNDMARIJUANA@GMAIL.COM
426039,6.03515E+15,A GREENER TODAY WALLA WALLA                  ,MARIJUANA RETAILER       ,ACTIVE (ISSUED),395,  ,655 WEST POPLAR ST            ,                         ,WALLA WALLA             ,WA,WALLA WALLA,993620000,20180223,2063803608,JOSE.CHAVIRA@LIVE.COM
422765,6.03557E+15,ACCESS CANIBUS LLC                           ,MARIJUANA RETAILER       ,ACTIVE (ISSUED),395,  ,3082 WAITTS LAKE RD           ,                         ,VALLEY                  ,WA,STEVENS,991810000,20171003,3604703051,ACCESSCANIBUSRAP@GMAIL.COM
414225,6.03357E+15,ALTITUDE                                     ,MARIJUANA RETAILER       ,ACTIVE (ISSUED),395,  ,260 MERLOT DR                 ,                         ,PROSSER                 ,WA,BENTON,993509533,20151009,5097864200,AP@ALTITUDEMJ.COM
415486,6.03599E+15,ALWAYS GREENER DOWNTOWN                      ,MARIJUANA RETAILER       ,ACTIVE (ISSUED),395,  ,15937 REDMOND WAY STE B       ,                         ,REDMOND                 ,WA,KING,980523836,20160823,4258615497,SHAUNA@THEGRASSISALWAYS.COM
422954,6.03353E+15,AMERICAN HARVEST                             ,MARIJUANA RETAILER       ,ACTIVE (ISSUED),395,  ,7550 US 97                    ,                         ,PESHASTIN               ,WA,CHELAN,988470000,20170110,5033177035,AMERICANHARVESTKELANI@GMAIL.COM
421652,6.03357E+15,ANACORTES CANNABIS                           ,MARIJUANA RETAILER       ,ACTIVE (ISSUED),395,  ,7656 STATE ROUTE 20 UNIT A    ,                         ,ANACORTES               ,WA,SKAGIT,982218311,20160426,3605886222,ANACORTESNATURALMEDICINE@GMAIL.COM
421110,6.03326E+15,APEX CANNABIS                                ,MARIJUANA RETAILER       ,ACTIVE (ISSUED),395,  ,955 W BROADWAY AVE            ,                         ,MOSES LAKE              ,WA,GRANT,988370000,20160426,5094990646,STEPHANIE.PETERSON@APEXCANNABIS.COM
422447,6.03326E+15,APEX CANNABIS                                ,MARIJUANA RETAILER       ,ACTIVE (ISSUED),395,  ,21502 E GILBERT RD            ,                         ,OTIS ORCHARDS           ,WA,SPOKANE,990279241,20160622,5094990646,STEPHANIE.PETERSON@APEXCANNABIS.COM
425767,6.03326E+15,APEX CANNABIS                                ,MARIJUANA RETAILER       ,ACTIVE (ISSUED),395,  ,1325 N DIVISION ST STE 104    ,                         ,SPOKANE                 ,WA,SPOKANE,992021808,20171031,5094990646,STACEY.CHRISTINE.PETERSON@GMAIL.COM
85059,6.03352E+15,BAD ASS WEED CO.                             ,MARIJUANA RETAILER       ,ACTIVE (ISSUED),395,  ,8459 MAIN ST  UNIT B          ,UNIT B                   ,DRYDEN                  ,WA,CHELAN,988210000,20170718,5092648044,THEROACH420@YAHOO.COM
421709,6.03592E+15,BETTER BUDS                                  ,MARIJUANA RETAILER       ,ACTIVE (ISSUED),395,  ,841 NESS CORNER RD  STE B     ,STE B                    ,PORT HADLOCK            ,WA,JEFFERSON,983399572,20160715,3607316611,D.COMEAU@COMCAST.NET
425965,6.03353E+15,BETTER BUDS                                  ,MARIJUANA RETAILER       ,ACTIVE (ISSUED),395,  ,10384 SILVERDALE WAY NW STE 10,                         ,SILVERDALE              ,WA,KITSAP,983837670,20171229,3607316611,BETTERBUDS7@GMAIL.COM
430175,6.03577E+15,BETTER BUDS                                  ,MARIJUANA RETAILER       ,ACTIVE (ISSUED),395,  ,946 WASHINGTON WAY STE 100    ,                         ,LONGVIEW                ,WA,COWLITZ,986324030,20200421,3609676056,KINGCRONICGROUP@GMAIL.COM
422202,6.03069E+15,BLOWIN SMOKE                                 ,MARIJUANA RETAILER       ,ACTIVE (ISSUED),395,  ,1967 HIGHWAY 395 S STE C      ,                         ,CHEWELAH                ,WA,STEVENS,991099708,20160315,5099357420,BLOWINSMOKE.WA@GMAIL.COM
428005,6.04337E+15,BUD BARN                                     ,MARIJUANA RETAILER       ,PENDING (ISSUED),395,  ,10619 VANCIL RD SE            ,                         ,YELM                    ,WA,THURSTON,985979504,20190701,3609601220,generalmnager@budbarnyelm.net
413802,6.03352E+15,BUD COMMANDER                                ,MARIJUANA RETAILER       ,ACTIVE (ISSUED),395,  ,849 TROSPER RD SW STE 207     ,                         ,TUMWATER                ,WA,THURSTON,985128145,20151210,3606881709,MOOREHEMPCO@GMAIL.COM
415203,6.04273E+15,BUD NATION                                   ,MARIJUANA RETAILER       ,ACTIVE (ISSUED),395,  ,9640 16TH AVE SW STE C & D    ,                         ,SEATTLE                 ,WA,KING,981062827,20190627,2066027888,INFO@BUDNATIONSEATTLE.COM
421335,6.04337E+15,BUD STOP                                     ,MARIJUANA RETAILER       ,ACTIVE (ISSUED),395,  ,6725 MARTIN WAY E             ,                         ,OLYMPIA                 ,WA,THURSTON,985165541,20190701,3605150258,generalmanager@budbarnyelm.net
413893,6.03359E+15,BUDDY'S                                      ,MARIJUANA RETAILER       ,PENDING (ISSUED),395,  ,420 SUNSET BLVD N STE A       ,                         ,RENTON                  ,WA,KING,980555512,20160419,4252269333,MYles@buddys-wa.com
420661,6.03569E+15,BUDEEZ                                       ,MARIJUANA RETAILER       ,ACTIVE (ISSUED),395,  ,2111 E 11TH ST                ,                         ,BREMERTON               ,WA,KITSAP,983104810,20160421,3606207114,KENBARLEY1@GMAIL.COM
421005,6.0335E+15,BUDS GARAGE                                  ,MARIJUANA RETAILER       ,ACTIVE (ISSUED),395,  ,3015 EVERETT AVE              ,                         ,EVERETT                 ,WA,SNOHOMISH,982013822,20151104,4258793437,BRIAN.BODGE@BUDSGARAGE.COM
420666,6.0336E+15,CANNA WEST SEATTLE                           ,MARIJUANA RETAILER       ,ACTIVE (ISSUED),395,  ,5440 CALIFORNIA AVE SW        ,                         ,SEATTLE                 ,WA,KING,981361513,20180604,2066969240,LTCLLC11@GMAIL.COM
414211,6.03448E+15,CANNA4LIFE                                   ,MARIJUANA RETAILER       ,ACTIVE (ISSUED),395,  ,721 6TH ST                    ,                         ,CLARKSTON               ,WA,ASOTIN,994032001,20180117,5099903124,SCOTTCANNA4LIFE@GMAIL.COM
360307,6.03351E+15,CANNABIS & GLASS                             ,MARIJUANA RETAILER       ,ACTIVE (ISSUED),395,  ,605 E FRANCIS                 ,                         ,SPOKANE                 ,WA,SPOKANE,992080000,20180320,5099991112,NXNWRETAIL@GMAIL.COM
415567,6.03357E+15,CANNABIS 21                                  ,MARIJUANA RETAILER       ,ACTIVE (ISSUED),395,  ,1000 E WISHKAH ST             ,                         ,ABERDEEN                ,WA,GRAYS HARBOR,985200000,20180402,3602397149,CANNABIS21ABERDEEN@GMAIL.COM
422944,6.03384E+15,CANNABIS CENTRAL                             ,MARIJUANA RETAILER       ,ACTIVE (ISSUED),395,  ,1514 W UNIVERSITY WAY         ,                         ,ELLENSBURG              ,WA,KITTITAS,989262337,20160408,5092011144,ROB@ELLENSBURGAPOTHECARY.COM
413319,6.03339E+15,CANNABIS CITY                                ,MARIJUANA RETAILER       ,ACTIVE (ISSUED),395,  ,2733 4TH AVE S 1ST FLOOR      ,1ST FLOOR UNIT           ,SEATTLE                 ,WA,KING,981341912,20151105,2066821332,CEO@CANNABIS.CITY
414970,6.03359E+15,CANNABIS COUNTRY STORE                       ,MARIJUANA RETAILER       ,ACTIVE (ISSUED),395,  ,1910 W MAIN ST SUITE 101      ,                         ,BATTLE GROUND           ,WA,CLARK,986040000,20151010,3607987194,C4UAGRI@GMAIL.COM
423542,6.03185E+15,CANNABIS PROVISIONS EAST                     ,MARIJUANA RETAILER       ,ACTIVE (ISSUED),395,  ,831 N MILLER ST               ,                         ,WENATCHEE               ,WA,CHELAN,988012046,20161122,2533347082,dzungnguyen83@yahoo.com
423542,6.03185E+15,CANNABIS PROVISIONS EAST                     ,MARIJUANA RETAILER       ,ACTIVE (ISSUED),395,  ,9423 MRTN LUTHER KING JR WAY S,STE C                    ,SEATTLE                 ,WA,KING,981185417,20161122,2533347082,dzungnguyen83@yahoo.com
402780,6.03546E+15,CANNABIS SUPER STORE                         ,MARIJUANA RETAILER       ,ACTIVE (ISSUED),395,  ,705 EAST 1ST ST               ,                         ,CLE ELUM                ,WA,KITTITAS,989221252,20160912,5096745356,GENE@GENEMORGAN.COM
415575,6.0336E+15,CANNABLYSS                                   ,MARIJUANA RETAILER       ,ACTIVE (ISSUED),395,  ,2705 HARTFORD DR STE A        ,                         ,LAKE STEVENS            ,WA,SNOHOMISH,982589204,20151116,4253277529,CANNABLYSSLAKESTEVENS@GMAIL.COM
414060,6.03346E+15,CANNAREX                                     ,MARIJUANA RETAILER       ,ACTIVE (ISSUED),395,  ,2714 HENSON RD                ,                         ,MOUNT VERNON            ,WA,SKAGIT,982739036,20151023,4254058179,HONG_LIEU888@YAHOO.COM
421813,6.03355E+15,CANNAZONE                                    ,MARIJUANA RETAILER       ,ACTIVE (ISSUED),395,  ,5655 GUIDE MERIDIAN STE B     ,SUITE B                  ,BELLINGHAM              ,WA,WHATCOM,982269722,20160729,8602092288,CANNAZONEBELLINGHAM@GMAIL.COM
422000,6.03355E+15,CANNAZONE                                    ,MARIJUANA RETAILER       ,ACTIVE (ISSUED),395,  ,17903 STATE ROUTE 536         ,                         ,MOUNT VERNON            ,WA,SKAGIT,982733269,20200422,8602092288,jjreige77@yahoo.com
424599,6.03355E+15,CANNAZONE                                    ,MARIJUANA RETAILER       ,ACTIVE (ISSUED),395,  ,17905 STATE ROUTE 536         ,                         ,MOUNT VERNON            ,WA,SKAGIT,982733269,20170316,8602092288,JJREIG77@YAHOO.COM
415094,6.03359E+15,CASCADE HERB COMPANY                         ,MARIJUANA RETAILER       ,ACTIVE (ISSUED),395,  ,1240 E MAPLE ST STE 103       ,                         ,BELLINGHAM              ,WA,WHATCOM,982255749,20151217,3607782357,CASCADEHERB@GMAIL.COM
413492,6.03526E+15,CHIMACUM CANNABIS                            ,MARIJUANA RETAILER       ,ACTIVE (ISSUED),395,  ,9034 BEAVER VALLEY ROAD       ,                         ,CHIMACUM                ,WA,JEFFERSON,983258781,20160621,2066818394,CHIMACUMCANNABIS@GMAIL.COM
422466,6.04284E+15,CHOICE CANNABIS                              ,MARIJUANA RETAILER       ,ACTIVE (ISSUED),395,  ,2427 W SIMS WAY STE F         ,                         ,PORT TOWNSEND           ,WA,JEFFERSON,983682247,20190411,3603794006,CHOICECANNABISPT@GMAIL.COM
413358,6.03267E+15,CLEAR CHOICE CANNABIS                        ,MARIJUANA RETAILER       ,ACTIVE (ISSUED),395,  ,8001 S HOSMER ST              ,                         ,TACOMA                  ,WA,PIERCE,984081017,20151015,2534445444,CLEARCHOICECANNABIS@GMAIL.COM
421877,6.04178E+15,CLEAR CHOICE CANNABIS                        ,MARIJUANA RETAILER       ,ACTIVE (ISSUED),395,  ,6733 STATE HWY 303 NE         ,                         ,BREMERTON               ,WA,KITSAP,983113736,20180808,2538826344,CRITTERSTTS@GMAIL.COM
414065,6.04338E+15,CRAFT CANNABIS                               ,MARIJUANA RETAILER       ,ACTIVE (ISSUED),395,  ,1510 N WENATCHEE AVE          ,                         ,WENATCHEE               ,WA,CHELAN,988011157,20190411,5096799999,beanja@comcast.net
413729,6.03351E+15,CULT CANNABIS CO.                            ,MARIJUANA RETAILER       ,ACTIVE (ISSUED),395,  ,6061 PORTAL WAY               ,                         ,FERNDALE                ,WA,WHATCOM,982489360,20151009,3609334263,BOOKKEEPING@KULSHANENTERPRISES.COM
413529,6.03355E+15,DANCING GYPSIES                              ,MARIJUANA RETAILER       ,ACTIVE (ISSUED),395,  ,794 KENTUCKY ST               ,                         ,BELLINGHAM              ,WA,WHATCOM,982250000,20151117,2088192110,DANCINGGYPSIESBHAM@GMAIL.COM
422817,6.03604E+15,DANK OF AMERICA                              ,MARIJUANA RETAILER       ,ACTIVE (ISSUED),395,  ,2530 PEACE PORTAL DR STE B    ,                         ,BLAINE                  ,WA,WHATCOM,982308063,20170206,4252314439,TOM@DANKBANKOFBLAINE.COM
364799,6.03572E+15,DANK'S WONDER EMPORIUM                       ,MARIJUANA RETAILER       ,PENDING (ISSUED),395,  ,7207 212TH ST SW              ,                         ,EDMONDS                 ,WA,SNOHOMISH,980207735,20190327,3609154944,MARKALAVERGNE@YAHOO.COM
423571,6.0335E+15,"DANK'S WONDER EMPORIUM, LLC                  ",MARIJUANA RETAILER       ,ACTIVE (ISSUED),395,  ,6906 MARTIN WAY E             ,STE A                    ,OLYMPIA                 ,WA,THURSTON,985165567,20160812,2535075435,RFORRANDOM@GMAIL.COM
414503,6.03454E+15,DESTINATION HIGHWAY 420                      ,MARIJUANA RETAILER       ,ACTIVE (ISSUED),395,  ,1225 HOLLIS ST                ,                         ,BREMERTON               ,WA,KITSAP,983103611,20160510,3603406996,MICHELLEDESTHWY420@OUTLOOK.COM
413374,6.03354E+15,DIAMOND GREEN                                ,MARIJUANA RETAILER       ,ACTIVE (ISSUED),395,  ,4002 S 12TH ST                ,                         ,TACOMA                  ,WA,PIERCE,984051509,20151009,2532225697,MALKITSINGH@COMCAST.NET
423036,6.03586E+15,DISCOVERY BAY CANNABIS                       ,MARIJUANA RETAILER       ,ACTIVE (ISSUED),395,  ,282023 HWY 101                ,                         ,PORT TOWNSEND           ,WA,JEFFERSON,983689331,20160527,2066607221,TOMBATES1967@GMAIL.COM
414174,6.03356E+15,DOCKSIDE CANNABIS                            ,MARIJUANA RETAILER       ,ACTIVE (ISSUED),395,  ,1728 4TH AVE S                ,                         ,SEATTLE                 ,WA,KING,981340000,20151214,2062236292,OSCARV@DOCKSIDECANNABIS.COM
414569,6.03355E+15,DOCKSIDE CANNABIS                            ,MARIJUANA RETAILER       ,ACTIVE (ISSUED),395,  ,15001 AURORA AVE N            ,STE 15029                ,SHORELINE               ,WA,KING,981336134,20151214,2066186094,DIRECTORS@DOCKSIDECANNABIS.COM
414841,6.03356E+15,EMERALD HAZE CANNABIS EMPORIUM               ,MARIJUANA RETAILER       ,ACTIVE (ISSUED),395,  ,4033 NE SUNSET BLVD UNIT 5    ,                         ,RENTON                  ,WA,KING,980564003,20190404,2533069151,MILESA@Q.COM
413363,6.03562E+15,EMERALD LEAVES                               ,MARIJUANA RETAILER       ,ACTIVE (ISSUED),395,  ,2702 6TH AVE                  ,                         ,TACOMA                  ,WA,PIERCE,984067213,20160329,2064825627,EMERALDLEAVESTAC@GMAIL.COM
424463,6.03569E+15,EPHEMERAL TOAST                              ,MARIJUANA RETAILER       ,ACTIVE (ISSUED),395,  ,4601 LEARY WAY NW             ,                         ,SEATTLE                 ,WA,KING,981074544,20180515,2066186094,MARIA.MOSES@GMAIL.COM
427158,6.03569E+15,ESHO FUNI                                    ,MARIJUANA RETAILER       ,ACTIVE (ISSUED),395,  ,8401 AURORA AVE N STE E       ,                         ,SEATTLE                 ,WA,KING,981034332,20180906,2068568781,AARON@DOCKSIDECANNABIS.COM
425185,6.04014E+15,EUPHORIC 360                                 ,MARIJUANA RETAILER       ,ACTIVE (ISSUED),395,  ,6326 MARTIN WAY E STE 103     ,                         ,LACEY                   ,WA,THURSTON,985165561,20171115,3608922878,CHRISTI@EUPHORIC360.COM
414495,6.03355E+15,EUPHORIUM                                    ,MARIJUANA RETAILER       ,ACTIVE (ISSUED),395,  ,21127 STATE ROUTE 9 SE        ,                         ,WOODINVILLE             ,WA,SNOHOMISH,980729703,20160727,2063352683,MSONEPHATHOUM@ME.COM
420895,6.04149E+15,EUPHORIUM 420                                ,MARIJUANA RETAILER       ,ACTIVE (ISSUED),395,  ,17917 VASHON HWY SW           ,                         ,VASHON                  ,WA,KING,980705204,20180125,4255774533,BEN@URBANPATCH.COM
426125,6.03578E+15,EVERGREEN MARKET - BELLEVUE                  ,MARIJUANA RETAILER       ,ACTIVE (ISSUED),395,  ,638 116TH AVE NE              ,                         ,BELLEVUE                ,WA,KING,980045216,20190715,2068527155,arne@theevergreenmarket.com
425605,6.04342E+15,EVERGREEN MEADOWS                            ,MARIJUANA RETAILER       ,ACTIVE (ISSUED),395,  ,208 E PINE ST                 ,                         ,SHELTON                 ,WA,MASON,985841418,20190306,4258294959,BWMBBK@GMAIL.COM
79720,6.0356E+15,FILLABONG                                    ,MARIJUANA RETAILER       ,ACTIVE (ISSUED),395,  ,3249 PERRY AVE STE B          ,                         ,BREMERTON               ,WA,KITSAP,983105371,20161121,3604432293,AYLA4FILLABONG@OUTLOOK.COM
415211,6.0356E+15,FILLABONG                                    ,MARIJUANA RETAILER       ,ACTIVE (ISSUED),395,  ,2839 NW KITSAP PL STE A       ,                         ,SILVERDALE              ,WA,KITSAP,983839447,20160226,3606980353,AKANASSY@COMCAST.NET
428276,6.03434E+15,FIRE AND FROST CANNABIS                      ,MARIJUANA RETAILER       ,ACTIVE (ISSUED),395,  ,6818 NE 4TH PLAIN BLVD STE C  ,                         ,VANCOUVER               ,WA,CLARK,986617357,20190325,3603357823,elkins.marc@gmail.com
420478,6.04389E+15,FLOYD'S                                      ,MARIJUANA RETAILER       ,ACTIVE (ISSUED),395,  ,933 E JOHNS PRAIRIE RD        ,                         ,SHELTON                 ,WA,MASON,985841270,20190813,2067710350,JUSTINFREET@GMAIL.COM
422049,6.03571E+15,FLOYDS                                       ,MARIJUANA RETAILER       ,ACTIVE (ISSUED),395,  ,410 W STATE ST                ,                         ,SEDRO WOOLLEY           ,WA,SKAGIT,982841557,20160916,3605884473,KENBARLEY1@GMAIL.COM
426808,6.03423E+15,FORBIDDEN CANNABIS CLUB                      ,MARIJUANA RETAILER       ,ACTIVE (ISSUED),395,  ,21509 HWY 410 STE 1           ,                         ,BONNEY LAKE             ,WA,PIERCE,983910000,20180517,2532241442,HOLISTIC2929@GMAIL.COM
414280,6.0341E+15,FREEDOM MARKET                               ,MARIJUANA RETAILER       ,ACTIVE (ISSUED),395,  ,820A WESTSIDE HWY             ,                         ,KELSO                   ,WA,COWLITZ,986264355,20151105,3603550682,thefreedommarket420@gmail.com
422459,6.04154E+15,FREEDOM MARKET CATHLAMET CORP                ,MARIJUANA RETAILER       ,ACTIVE (ISSUED),395,  ,327 SR 4                      ,                         ,CATHLAMET               ,WA,WAHKIAKUM,986120000,20180124,3607036090,THEFREEDOMMARKET420@GMAIL.COM
421757,6.04052E+15,FREEDOM MARKET ILWACO                        ,MARIJUANA RETAILER       ,ACTIVE (ISSUED),395,  ,133 HOWERTON AVE SE STE B     ,                         ,ILWACO                  ,WA,PACIFIC,986249088,20171128,3607036090,THEFREEDOMMARKET420@GMAIL.COM
422777,6.03602E+15,FREELAND CANNABIS COMPANY                    ,MARIJUANA RETAILER       ,ACTIVE (ISSUED),395,  ,18646 SR 525 STE B            ,STE B                    ,FREELAND                ,WA,ISLAND,982498752,20160714,4255126880,EVERETTENATURALMEDICINE@HMAIL.COM
412922,6.0283E+15,FWEEDOM CANNABIS                             ,MARIJUANA RETAILER       ,PENDING (ISSUED),395,  ,12001 AURORA AVE N UNIT #1    ,                         ,SEATTLE                 ,WA,KING,981338249,20160202,2064190260,FWEEDOMCANNABIS@GMAIL.COM
415031,6.03358E+15,FWEEDOM CANNABIS                             ,MARIJUANA RETAILER       ,ACTIVE (ISSUED),395,  ,21911 64TH AVE W   STE D      ,STE D                    ,MOUNTLAKE TERRACE       ,WA,SNOHOMISH,980430000,20160622,4259540640,FWEEDOMCANNABIS@GMAIL.COM
413558,6.03328E+15,GANJA GODDESS                                ,MARIJUANA RETAILER       ,ACTIVE (ISSUED),395,  ,3207 1ST AVE S  UNIT A        ,UNIT A                   ,SEATTLE                 ,WA,KING,981341819,20160617,2066827220,TAMMARAWELLS@GMAIL.COM
415539,6.03359E+15,GANJA VITA                                   ,MARIJUANA RETAILER       ,ACTIVE (ISSUED),395,  ,23441 NE STATE ROUTE 3        ,                         ,BELFAIR                 ,WA,MASON,985280000,20151011,2535143949,GANJAVITALLC@GMAIL.COM
421953,6.03576E+15,GOOBIE'S DOOBIES                             ,MARIJUANA RETAILER       ,ACTIVE (ISSUED),395,  ,28680 MAPLE VALLEY BLACK      ,DIAMOND RD SE STE A      ,MAPLE VALLEY            ,WA,KING,980388193,20190913,2534595741,TIRZAH84@GMAIL.COM
415294,6.02378E+15,GOODBUDS                                     ,MARIJUANA RETAILER       ,ACTIVE (ISSUED),395,  ,5384 NW K RD STE A            ,                         ,QUINCY                  ,WA,GRANT,988480000,20151009,5093988843,RALLS4351@GMAIL.COM
422525,6.0431E+15,GREEN 101                                    ,MARIJUANA RETAILER       ,ACTIVE (ISSUED),395,  ,2840 E HWY 101                ,                         ,PORT ANGELES            ,WA,CLALLAM,983629080,20181220,4253124423,VINCESANITI@GMAIL.COM
350641,6.03327E+15,GREEN FIRE CANNABIS                          ,MARIJUANA RETAILER       ,ACTIVE (ISSUED),395,  ,1956 1ST AVE S                ,                         ,SEATTLE                 ,WA,KING,981341406,20160614,2066233792,RODKRAFKA@HOTMAIL.COM
414761,6.00314E+15,GREEN HEAD CANNABIS                          ,MARIJUANA RETAILER       ,ACTIVE (ISSUED),395,  ,2815 ST. JOHNS ROAD   STE B   ,                         ,VANCOUVER               ,WA,CLARK,986610000,20151012,3606091479,PAPAG@GREENHEADCANNABIS.COM
415130,6.0336E+15,GREEN LADY                                   ,MARIJUANA RETAILER       ,ACTIVE (ISSUED),395,  ,3044 PACIFIC AVE SE STE B     ,                         ,OLYMPIA                 ,WA,THURSTON,985012043,20151016,5098697574,MIKE@SOULSPACEFLOAT.COM
421667,6.03564E+15,GREEN LADY EVERETT                           ,MARIJUANA RETAILER       ,ACTIVE (ISSUED),395,  ,14221 LAKE RD                 ,                         ,LYNNWOOD                ,WA,SNOHOMISH,980871710,20160419,5098697574,MIKE@GREENLADYMJ.COM
416540,6.03564E+15,"GREEN LADY WESTSIDE, INC.                    ",MARIJUANA RETAILER       ,ACTIVE (ISSUED),395,  ,2405 HARRISON AVE NW STE 201  ,                         ,OLYMPIA                 ,WA,THURSTON,985024592,20160218,5098697475,MIKE@GREENLADYMJ.COM
413886,6.03358E+15,GREEN LEAF                                   ,MARIJUANA RETAILER       ,PENDING (ISSUED),395,  ,4220 MERIDIAN ST STE 102      ,                         ,BELLINGHAM              ,WA,WHATCOM,982269153,20151009,3605262198,SKJLINSE@MSN.COM
414918,6.03565E+15,GREEN LEAF                                   ,MARIJUANA RETAILER       ,ACTIVE (ISSUED),395,  ,3435 BIRCH BAY LYNDEN RD      ,                         ,CUSTER                  ,WA,WHATCOM,982409507,20160606,3603032860,SKJLINSE@MSN.COM
414755,6.0336E+15,GREEN LIFE CANNABIS                          ,MARIJUANA RETAILER       ,ACTIVE (ISSUED),395,  ,3012 GS CENTER RD STE A       ,                         ,WENATCHEE               ,WA,CHELAN,988019116,20190725,2817260614,DOUG@GREENLIFECANNABIS.COM
413798,6.03351E+15,GREEN OUTFITTERS                             ,MARIJUANA RETAILER       ,ACTIVE (ISSUED),395,  ,668 OCEAN SHORES BLVD NW      ,                         ,OCEAN SHORES            ,WA,GRAYS HARBOR,985699344,20160107,4252684391,RYANKUNKEL425@LIVE.COM
422103,6.04163E+15,GREEN ROOM OH INC.                           ,MARIJUANA RETAILER       ,ACTIVE (ISSUED),395,  ,1640 NE GOLDIE ST STE B       ,                         ,OAK HARBOR              ,WA,ISLAND,982774835,20180306,2065048629,SIMONTESFU206@GMAIL.COM
413801,6.03476E+15,GREEN STOP CANNABIS                          ,MARIJUANA RETAILER       ,ACTIVE (ISSUED),395,  ,7466 MT BAKER HWY             ,                         ,MAPLE FALLS             ,WA,WHATCOM,982660000,20151203,3607468734,green_stop@outlook.com
425068,6.04305E+15,GREEN THEORY                                 ,MARIJUANA RETAILER       ,ACTIVE (ISSUED),395,  ,1940 124TH AVE NE STE A-101   ,                         ,BELLEVUE                ,WA,KING,980052130,20181128,2069921911,MOLLYHONIG@GMAIL.COM
421777,6.04305E+15,GREEN THEORY FACTORIA                        ,MARIJUANA RETAILER       ,ACTIVE (ISSUED),395,  ,12827 SE 40TH PL              ,                         ,BELLEVUE                ,WA,KING,980061232,20181128,2069921911,MOLLY@HIGHERLEAF.COM
81400,6.04097E+15,GREEN TIKI CANNABIS                          ,MARIJUANA RETAILER       ,ACTIVE (ISSUED),395,  ,8208 NE STATE HIGHWAY 104     ,STE 101                  ,KINGSTON                ,WA,KITSAP,983460000,20171120,3607101577,greentikicannabiscompany@gmail.com
420785,6.04219E+15,GREEN TOKEN TACOMA CANNABIS                  ,MARIJUANA RETAILER       ,ACTIVE (ISSUED),395,  ,5917 N 26TH ST STE A          ,                         ,TACOMA                  ,WA,PIERCE,984072359,20180514,2532675428,STACY.PERCIVAL@YAHOO.COM
410273,6.03303E+15,GREEN2GO                                     ,MARIJUANA RETAILER       ,ACTIVE (ISSUED),395,  ,214307 E SR 397               ,                         ,KENNEWICK               ,WA,BENTON,993377198,20171117,5095917100,G2GMEDS@GMAIL.COM
410273,6.03303E+15,GREEN2GO                                     ,MARIJUANA RETAILER       ,ACTIVE (ISSUED),395,  ,214610 E SR 397 STE B         ,                         ,KENNEWICK               ,WA,BENTON,993377199,20171117,5095917100,G2GMEDS@GMAIL.COM
422655,6.03303E+15,GREEN2GO TOKIO                               ,MARIJUANA RETAILER       ,ACTIVE (ISSUED),395,  ,2008 N DURRY RD UNIT 2        ,                         ,SPRAGUE                 ,WA,ADAMS,990329621,20161114,5095917100,G2GMEDS@GMAIL.COM
414356,6.03351E+15,GREENFIELD COMPANY CANNABIS MERCANTILE       ,MARIJUANA RETAILER       ,ACTIVE (ISSUED),395,  ,728 6TH ST                    ,                         ,CLARKSTON               ,WA,ASOTIN,994032012,20151009,2069621025,MEPLEMMONS@GMAIL.COM
415112,6.03359E+15,GREENLIGHT                                   ,MARIJUANA RETAILER       ,ACTIVE (ISSUED),395,  ,10309 E TRENT AVE             ,                         ,MILLWOOD                ,WA,SPOKANE,992064514,20160621,5094752821,sonny@greenlightspokane.com
413428,6.01996E+15,GREENWORKS N.W.                              ,MARIJUANA RETAILER       ,ACTIVE (ISSUED),395,  ,315 N 105TH ST                ,                         ,SEATTLE                 ,WA,KING,981330000,20160614,2064925132,ZACHPETERSON88@GMAIL.COM
415124,6.0336E+15,GROWERS OUTLET                               ,MARIJUANA RETAILER       ,ACTIVE (ISSUED),395,  ,613 MONTANA AVE STE 2         ,                         ,SOUTH BEND              ,WA,PACIFIC,985860000,20151009,3608758222,Growersoutlet1@gmail.com
354876,6.03516E+15,HAPPY TIME                                   ,MARIJUANA RETAILER       ,ACTIVE (ISSUED),395,  ,1315 N 1ST ST                 ,                         ,YAKIMA                  ,WA,YAKIMA,989011801,20171212,5094802097,jcampos5483@yahoo.com
415333,6.03191E+15,HAVE A HEART                                 ,MARIJUANA RETAILER       ,ACTIVE (ISSUED),395,  ,12833 MARTIN LUTHER KING JR   ,WAY S                    ,SEATTLE                 ,WA,KING,981783513,20160107,2062618206,ROBYN@HAVEAHEARTCC.COM
402039,6.03285E+15,HERB'S HOUSE                                 ,MARIJUANA RETAILER       ,ACTIVE (ISSUED),395,  ,716 NW 65TH ST                ,                         ,SEATTLE                 ,WA,KING,981175049,20151011,2065577388,SHARONJACOBSON@HOTMAIL.COM
421918,6.03319E+15,HERBAL ACCESS RETAIL                         ,MARIJUANA RETAILER       ,ACTIVE (ISSUED),395,  ,8962 BEAVER VALLEY RD         ,                         ,CHIMACUM                ,WA,JEFFERSON,983250000,20160420,2068543538,SALES@HERBALACCESS.COM
411970,6.02484E+15,HERBAL E SCENTS                              ,MARIJUANA RETAILER       ,ACTIVE (ISSUED),395,  ,120 NE CANNING DR             ,                         ,COLVILLE                ,WA,STEVENS,991142004,20170209,5096844420,herbalescents@gmail.com
413683,6.0349E+15,HERBAL NATION                                ,MARIJUANA RETAILER       ,ACTIVE (ISSUED),395,  ,19302 BOTHELL EVERETT HWY     ,                         ,BOTHELL                 ,WA,SNOHOMISH,980127113,20180306,4254861111,1HERBALNATION@GMAIL.COM
427457,6.03583E+15,HERBAN MARKET                                ,MARIJUANA RETAILER       ,ACTIVE (ISSUED),395,  ,3965 BETHEL RD SE STE 3       ,                         ,PORT ORCHARD            ,WA,KITSAP,983661915,20180925,3608133644,INFO@WEEDKITSAP.COM
413570,6.04303E+15,HERBN ELEMENTS                               ,MARIJUANA RETAILER       ,ACTIVE (ISSUED),395,  ,11013 LAKE CITY WAY NE        ,                         ,SEATTLE                 ,WA,KING,981250000,20190102,4029269892,MVINING@HERBNELEMENTS.COM
429699,6.0335E+15,HIGH END MARKET PLACE                        ,MARIJUANA RETAILER       ,ACTIVE (ISSUED),395,  ,1924 BROADWAY ST SUITE A      ,                         ,VANCOUVER               ,WA,CLARK,986633380,20191231,3606953612,HIGHENDMARKETPLACE@GMAIL.COM
413534,6.03353E+15,HIGH SOCIETY                                 ,MARIJUANA RETAILER       ,ACTIVE (ISSUED),395,  ,8630 S MARCH POINT RD         ,                         ,ANACORTES               ,WA,SKAGIT,982213412,20151012,3606610168,DRJASONKITZMAN@GMAIL.COM
412940,6.04133E+15,HIGH SOCIETY TACOMA                          ,MARIJUANA RETAILER       ,ACTIVE (ISSUED),395,  ,3111 S PINE ST                ,                         ,TACOMA                  ,WA,PIERCE,984094711,20181105,3603023121,DRJASONKITZMAN@GMAIL.COM
420894,6.04431E+15,"HIGH TIDE COMPANIES, LLC                     ",MARIJUANA RETAILER       ,ACTIVE (ISSUED),395,  ,11325 HIGHWAY 99              ,                         ,EVERETT                 ,WA,SNOHOMISH,982044816,20191009,0,Abright1983@gmail.com
421702,6.03404E+15,HIGH-5 CANNABIS                              ,MARIJUANA RETAILER       ,ACTIVE (ISSUED),395,  ,6511 NE 137TH AVE             ,                         ,VANCOUVER               ,WA,CLARK,986825948,20160510,3605714568,JBRITT@HIGH5CANNABIS.COM
423000,6.03344E+15,HIGHER LEAF MARIJUANA BELLEVUE               ,MARIJUANA RETAILER       ,ACTIVE (ISSUED),395,  ,3079 156TH AVE SE             ,                         ,BELLEVUE                ,WA,KING,980076526,20160728,4258706335,INFO@HIGHERLEAF.COM
422218,6.03414E+15,HIGHER LEAF MARIJUANA BOUTIQUE               ,MARIJUANA RETAILER       ,ACTIVE (ISSUED),395,  ,12525 WILLOWS RD NE STE 10    ,                         ,KIRKLAND                ,WA,KING,980348735,20160301,4258205967,MOLLY@HIGHERLEAF.COM
413427,6.02763E+15,HWY 420                                      ,MARIJUANA RETAILER       ,ACTIVE (ISSUED),395,  ,11493 CLEAR CREEK RD          ,                         ,SILVERDALE              ,WA,KITSAP,983839657,20170227,3604408671,annette@hwy420.xyz
413843,6.03406E+15,HWY 420                                      ,MARIJUANA RETAILER       ,ACTIVE (ISSUED),395,  ,1110 CHARLESTON BEACH RD W    ,                         ,BREMERTON               ,WA,KITSAP,983124504,20151011,3609323182,CHERYL@HWY420.XYZ
425498,6.04371E+15,HYPEHERBALLY                                 ,MARIJUANA RETAILER       ,ACTIVE (ISSUED),395,  ,14702 HIGHWAY 99              ,                         ,LYNNWOOD                ,WA,SNOHOMISH,980875522,20190712,4252809482,HYPEHERBALLY@GMAIL.COM
413727,6.0335E+15,ISLAND HERB                                  ,MARIJUANA RETAILER       ,ACTIVE (ISSUED),395,  ,5565 VANBARR PLACE UNIT F     ,                         ,FREELAND                ,WA,ISLAND,982490000,20160506,3603312898,INFO@WHIDBEYISLANDHERB.COM
423203,6.03581E+15,IT IS LIT                                    ,MARIJUANA RETAILER       ,ACTIVE (ISSUED),395,  ,1611 S SMITTYS BLVD  STE B    ,STE B                    ,RITZVILLE               ,WA,ADAMS,991692264,20200320,5096600497,I90GREENHOUSE@GMAIL.COM
417643,6.03322E+15,KALEAFA                                      ,MARIJUANA RETAILER       ,ACTIVE (ISSUED),395,  ,33858 SR 20 STE 102           ,                         ,OAK HARBOR              ,WA,ISLAND,982772664,20160212,3606822420,ILONA@KALEAFAWA.COM
429441,6.03586E+15,KALEAFA                                      ,MARIJUANA RETAILER       ,ACTIVE (ISSUED),395,  ,25960 PACIFIC HWY S           ,                         ,DES MOINES              ,WA,KING,981980000,20200623,0,strawberryfieldsllc@gmail.com
421168,6.03554E+15,KARMA CANNABIS                               ,MARIJUANA RETAILER       ,ACTIVE (ISSUED),395,  ,131 RIVER RD   STE A          ,                         ,SEQUIM                  ,WA,CLALLAM,983829804,20160218,3604606641,KARMACANNABISLLC@YAHOO.COM
429212,6.0413E+15,KINDLEBERGER LLC                             ,MARIJUANA RETAILER       ,ACTIVE (ISSUED),395,  ,230 NE JUNIPER ST STE 100     ,                         ,ISSAQUAH                ,WA,KING,980272519,20200310,2063355857,CLIFF@NORTHSHOREWA.COM
425925,6.03577E+15,KING CRONIC                                  ,MARIJUANA RETAILER       ,ACTIVE (ISSUED),395,  ,1110 E YELM AVE STE C         ,                         ,YELM                    ,WA,THURSTON,985977690,20171204,3609676056,KINGCRONICGROUP@GMAIL.COM
421359,6.03561E+15,KITSAP CANNABIS 2                            ,MARIJUANA RETAILER       ,PENDING (ISSUED),395,  ,1762 VILLAGE LN SE            ,                         ,PORT ORCHARD            ,WA,KITSAP,983662644,20160322,3608658092,WESTSOUNDQUALITY@HOTMAIL.COM
421876,6.04072E+15,KUSH KLUB                                    ,MARIJUANA RETAILER       ,ACTIVE (ISSUED),395,  ,17547 15TH AVE NE             ,                         ,SHORELINE               ,WA,KING,981553801,20171214,2067691282,BTAHOLDINGSLLC@GMAIL.COM
421630,6.03304E+15,KUSH POINTE                                  ,MARIJUANA RETAILER       ,ACTIVE (ISSUED),395,  ,11811 MUKILTEO SPEEDWAY       ,UNIT 111                 ,MUKILTEO                ,WA,SNOHOMISH,982755442,20160624,2065795394,GARRETT88@GMAIL.COM
415287,6.02709E+15,KUSHMAN                                      ,MARIJUANA RETAILER       ,ACTIVE (ISSUED),395,  ,11110 MUKILTEO SPEEDWAY       ,SUITE 102                ,MUKILTEO                ,WA,SNOHOMISH,982755450,20180123,4254441575,TO@MYESTORE.COM
421552,6.02709E+15,KUSHMAN                                      ,MARIJUANA RETAILER       ,ACTIVE (ISSUED),395,  ,15804 HIGHWAY 99 UNIT A       ,                         ,LYNNWOOD                ,WA,SNOHOMISH,980871426,20180123,4254441575,TO@MYESTORE.COM
414520,6.03347E+15,KUSHMART                                     ,MARIJUANA RETAILER       ,PENDING (ISSUED),395,  ,6309 EVERGREEN WAY STE C      ,                         ,EVERETT                 ,WA,SNOHOMISH,982034559,20151013,2067691282,HENOK.ABRAHA@GMAIL.COM
416102,6.03554E+15,KUSHMART SOUTH EVERETT                       ,MARIJUANA RETAILER       ,ACTIVE (ISSUED),395,  ,13220 HWY 99 S                ,                         ,EVERETT                 ,WA,SNOHOMISH,982045424,20160311,4255820088,DAVIDJAMESAHL@YAHOO.COM
415509,6.03359E+15,LAST STOP POT SHOP                           ,MARIJUANA RETAILER       ,ACTIVE (ISSUED),395,  ,"41711 STATE ROUTE 2, #1       ",                         ,GOLD BAR                ,WA,SNOHOMISH,982510000,20200527,3602178951,LASTSTOPPOTSHOP@MAIL.COM
417880,6.03357E+15,LEGAL MARIJUANA SUPERSTORE                   ,MARIJUANA RETAILER       ,ACTIVE (ISSUED),395,  ,3610 BETHEL RD SE             ,SUITE 100                ,PORT ORCHARD            ,WA,KITSAP,983670000,20151230,3603401009,PATWATERS55@GMAIL.COM
413544,6.03354E+15,LONGVIEW FREEDOM MARKET                      ,MARIJUANA RETAILER       ,ACTIVE (ISSUED),395,  ,971 14TH AVE STE 110          ,                         ,LONGVIEW                ,WA,COWLITZ,986324049,20151104,3602617055,THEFREEDOMMARKET420@GMAIL.COM
414963,6.03359E+15,LUCID                                        ,MARIJUANA RETAILER       ,ACTIVE (ISSUED),395,  ,4820 YELM HWY SE SUITE D      ,                         ,LACEY                   ,WA,THURSTON,985033402,20151009,5304010839,NANCY@LUCID-ORGANICS.COM
415429,6.03359E+15,LUCID                                        ,MARIJUANA RETAILER       ,ACTIVE (ISSUED),395,  ,7294 MARTIN WAY E             ,                         ,OLYMPIA                 ,WA,THURSTON,985165533,20151009,5304010839,OLIKALANI@GMAIL.COM
420497,6.03573E+15,LUCID CANNABIS COMPANY                       ,MARIJUANA RETAILER       ,ACTIVE (ISSUED),395,  ,11414 N. NEWPORT HWY          ,                         ,SPOKANE                 ,WA,SPOKANE,992181616,20160617,2532269284,OLYMPIARECSTORE@YAHOO.COM
422442,6.03351E+15,LUCKY LEAF                                   ,MARIJUANA RETAILER       ,ACTIVE (ISSUED),395,  ,1111 W 1ST AVE STE A          ,                         ,SPOKANE                 ,WA,SPOKANE,992014005,20160315,5095194248,INFO@LUCKYLEAF.CO
420819,6.04408E+15,LUX POT SHOP                                 ,MARIJUANA RETAILER       ,ACTIVE (ISSUED),395,  ,4465 FREMONT AVE N            ,                         ,SEATTLE                 ,WA,KING,981037225,20190712,2067193162,SHEAPHYNES@GMAIL.COM
414876,6.03357E+15,MAIN STREET MARIJUANA                        ,MARIJUANA RETAILER       ,ACTIVE (ISSUED),395,  ,2314 MAIN ST                  ,                         ,VANCOUVER               ,WA,CLARK,986602642,20200320,3606063260,AHAMIDE@GMAIL.COM
421805,6.03572E+15,MAIN STREET MARIJUANA EAST                   ,MARIJUANA RETAILER       ,ACTIVE (ISSUED),395,  ,16219 SE 12TH ST STE 104      ,                         ,VANCOUVER               ,WA,CLARK,986838905,20200320,3606063260,AHAMIDE@GMAIL.COM
421789,6.03572E+15,MAIN STREET MARIJUANA LONGVIEW               ,MARIJUANA RETAILER       ,ACTIVE (ISSUED),395,  ,945 WASHINGTON WAY STE 121    ,                         ,LONGVIEW                ,WA,COWLITZ,986324059,20200320,3606063260,AHAMIDE@GMAIL.COM
413414,6.0343E+15,MARGIES'S POT SHOP LLC                       ,MARIJUANA RETAILER       ,ACTIVE (ISSUED),395,  ,405 E STEUBEN ST              ,                         ,BINGEN                  ,WA,KLICKITAT,986050000,20160606,5099699824,MARGIESPOTSHOP@GMAIL.COM
426895,6.03587E+15,MARIJUANA CLUB 99                            ,MARIJUANA RETAILER       ,ACTIVE (ISSUED),395,  ,12631 HWY 99 STE A            ,                         ,EVERETT                 ,WA,SNOHOMISH,982040000,20180605,4252688875,MARIJUANACLUB99HOLLY@GMAIL.COM
420400,6.03336E+15,MARIJUANA MART                               ,MARIJUANA RETAILER       ,ACTIVE (ISSUED),395,  ,530 7TH AVE STE D             ,                         ,LONGVIEW                ,WA,COWLITZ,986320000,20190409,3607891364,MIKE@MARIJUANAMARTWA.COM
428846,6.03352E+15,MARIJUANA MART                               ,MARIJUANA RETAILER       ,ACTIVE (ISSUED),395,  ,6230 197TH SW AVE             ,                         ,ROCHESTER               ,WA,THURSTON,985790000,20190709,3608587188,MIKE@MARIJUANAMART.COM
420889,6.03064E+15,MARLEY 420                                   ,MARIJUANA RETAILER       ,ACTIVE (ISSUED),395,  ,16204 SE 272ND ST  STE 1      ,STE 1                    ,COVINGTON               ,WA,KING,980428213,20160728,2067147733,MARLEY555@COMCAST.NET; GAGEV@COMCAST.NET
424311,6.03623E+15,MARY MART INC                                ,MARIJUANA RETAILER       ,ACTIVE (ISSUED),395,  ,3002 6TH AVE STE 100          ,                         ,TACOMA                  ,WA,PIERCE,984066203,20180629,2539614231,253MARYMART@GMAIL.COM
414735,6.02151E+15,MISTER BUDS                                  ,MARIJUANA RETAILER       ,ACTIVE (ISSUED),395,  ,536 MARINE DR STE B           ,                         ,PORT ANGELES            ,WA,CLALLAM,983632230,20151010,3607971966,MALIKATWATER@YAHOO.COM
415314,6.03456E+15,MJ'S POT SHOP                                ,MARIJUANA RETAILER       ,ACTIVE (ISSUED),395,  ,1335 SE BISHOP BLVD           ,                         ,PULLMAN                 ,WA,WHITMAN,991636408,20160613,5093321011,MJPOTSHOP@GMAIL.COM
424751,6.03405E+15,MR. BILLS OF BUCKLEY                         ,MARIJUANA RETAILER       ,ACTIVE (ISSUED),395,  ,29393 STATE ROUTE 410 E STE D ,                         ,BUCKLEY                 ,WA,PIERCE,983219424,20170414,3607617540,MRBILLSOFBUCKLEY@GMAIL.COM
424190,6.03412E+15,MR. DOOBEES                                  ,MARIJUANA RETAILER       ,ACTIVE (ISSUED),395,  ,1410 40TH ST                  ,                         ,SEAVIEW                 ,WA,PACIFIC,986442037,20161215,3608758016,MRDOOBEES@GMAIL.COM
413930,6.03359E+15,MUFFYS POT SHOP                              ,MARIJUANA RETAILER       ,ACTIVE (ISSUED),395,  ,3134 E HIGHWAY 101 SUITE A    ,                         ,PORT ANGELES            ,WA,CLALLAM,983629074,20151009,3608082532,WEEDRUS01@GMAIL.COM
423390,6.03415E+15,NATURAL BLESSING CANNABIS                    ,MARIJUANA RETAILER       ,ACTIVE (ISSUED),395,  ,17024 PACIFIC AVE S           ,STE B                    ,SPANAWAY                ,WA,PIERCE,983874940,20170324,2534333961,NATURALBLESSINGS3014102@GMAIL.COM
414181,6.03356E+15,NATURE'S GIFTS                               ,MARIJUANA RETAILER       ,ACTIVE (ISSUED),395,  ,755 W WASHINGTON ST STE C     ,                         ,SEQUIM                  ,WA,CLALLAM,983823272,20160614,3607971993,EMANON@CRUZIO.COM
421562,6.0413E+15,NATURES RECREATIONAL CENTER                  ,MARIJUANA RETAILER       ,PENDING (ISSUED),395,  ,3833 PACIFIC AVE STE 3-C      ,                         ,TACOMA                  ,WA,PIERCE,984187897,20180326,2535721500,JAY@NOTGUILTY.COM.BZ
413732,6.03352E+15,NEW VANSTERDAM                               ,MARIJUANA RETAILER       ,ACTIVE (ISSUED),395,  ,6515 E MILL PLAIN BLVD        ,                         ,VANCOUVER               ,WA,CLARK,986617455,20190404,5033417097,JAMES@NEWVANSTERDAM.COM
421698,6.03572E+15,NEXT STEPS                                   ,MARIJUANA RETAILER       ,ACTIVE (ISSUED),395,  ,2804 E 30TH AVE               ,                         ,SPOKANE                 ,WA,SPOKANE,992234782,20160426,5202508988,NEXTSTEPSJOSH@GMAIL.COM
415658,6.03189E+15,NIMBIN FARM                                  ,MARIJUANA RETAILER       ,ACTIVE (ISSUED),395,  ,10859 1ST AVE S STE A         ,                         ,SEATTLE                 ,WA,KING,981681309,20151014,2532617600,JASMELSANGHA@GMAIL.COM
422329,6.03359E+15,NIRVANA CANNABIS COMPANY                     ,MARIJUANA RETAILER       ,ACTIVE (ISSUED),395,  ,930 1/2 VALLEY MALL PKWY      ,                         ,EAST WENATCHEE          ,WA,DOUGLAS,988024402,20191028,5098082361,DIANNA@MGSCPA.COM
424951,6.03359E+15,NIRVANA CANNABIS COMPANY                     ,MARIJUANA RETAILER       ,ACTIVE (ISSUED),395,  ,4950 ARENA RD                 ,                         ,RICHLAND                ,WA,BENTON,993527857,20170518,5098082391,DIANNA@MGSCPA.COM
427666,6.03359E+15,NIRVANA CANNABIS COMPANY                     ,MARIJUANA RETAILER       ,ACTIVE (ISSUED),395,  ,24713 E WELLESLEY AVE         ,                         ,OTIS ORCHARDS           ,WA,SPOKANE,990279709,20181107,5098082361,DIANNA@MGSCPA.COM
413407,6.0335E+15,NORTH BAY MARIJUANA                          ,MARIJUANA RETAILER       ,ACTIVE (ISSUED),395,  ,211 E NORTH BAY RD            ,STE B                    ,ALLYN                   ,WA,MASON,985240000,20151013,3608014269,STARTRECKIE@YAHOO.COM
423492,6.03228E+15,NORTHWEST CANNABIS CONNECTION                ,MARIJUANA RETAILER       ,ACTIVE (ISSUED),395,  ,11522 CANYON RD E             ,                         ,PUYALLUP                ,WA,PIERCE,983734360,20160729,2532920444,MWCCCANYON@GMAIL.COM
428760,6.03351E+15,NXNW RETAIL LLC / CANNABIS AND GLASS         ,MARIJUANA RETAILER       ,ACTIVE (ISSUED),395,  ,25101 E APPLEWAY AVE          ,                         ,LIBERTY LAKE            ,WA,SPOKANE,990190000,20200324,5093096974,INFO@CANNABISANDGLASS.COM
82587,6.03351E+15,NXNW RETAIL LLC/CANNABIS & GLASS             ,MARIJUANA RETAILER       ,ACTIVE (ISSUED),395,  ,9403 E TRENT AVE              ,                         ,MILLWOOD                ,WA,SPOKANE,992064218,20180601,5093096974,info@cannabisandglass.com
428942,6.03351E+15,OCEAN GREENS                                 ,MARIJUANA RETAILER       ,ACTIVE (ISSUED),395,  ,10524 AURORA AVE N            ,                         ,SEATTLE                 ,WA,KING,981338812,20190718,2062299893,OCEANGREENSRE@GMAIL.COM
427769,6.03277E+15,OLYMPIA WEED COMPANY                         ,MARIJUANA RETAILER       ,ACTIVE (ISSUED),395,  ,401 93RD AVE SE               ,                         ,OLYMPIA                 ,WA,THURSTON,985019701,20181129,3609156071,NORTHWESTCOLLECTIVES@GMAIL.COM
414656,6.03357E+15,PACIFIC CANNABIS COMPANY                     ,MARIJUANA RETAILER       ,ACTIVE (ISSUED),395,  ,625 N CALLOW AVE              ,                         ,BREMERTON               ,WA,KITSAP,983123903,20151012,3606162014,INFO@PACCANCO.COM
414812,6.03351E+15,PAPER AND LEAF                               ,MARIJUANA RETAILER       ,ACTIVE (ISSUED),395,  ,8040 NE DAY RD W BLDG 3 STE 1 ,                         ,BAINBRIDGE ISLAND       ,WA,KITSAP,981100000,20151010,2067807814,ACCOUNTS@PAPERANDLEAF.COM
413809,6.03354E+15,PONDER                                       ,MARIJUANA RETAILER       ,ACTIVE (ISSUED),395,  ,2413 E UNION ST               ,                         ,SEATTLE                 ,WA,KING,981223045,20151010,2064202180,JOHN@PONDER4U.COM
414574,6.03321E+15,PRC                                          ,MARIJUANA RETAILER       ,PENDING (ISSUED),395,  ,18729 FIR ISLAND RD STE C     ,                         ,MOUNT VERNON            ,WA,SKAGIT,982738159,20151009,3604456221,WA221INC@OUTLOOK.COM
415238,6.04002E+15,PUFF N CHILL LLC                             ,MARIJUANA RETAILER       ,ACTIVE (ISSUED),395,  ,15919 HWY 99                  ,                         ,LYNNWOOD                ,WA,SNOHOMISH,980871427,20170103,4252437082,INFO@PUFFNCHILL.COM
423224,6.03358E+15,RAINIER CANNABIS                             ,MARIJUANA RETAILER       ,ACTIVE (ISSUED),395,  ,22002 64TH AVE W STE 2A       ,SUITE 2A                 ,MOUNTLAKE TERRACE       ,WA,SNOHOMISH,980432547,20170314,4252100546,AMCANNAWEEDCO@GMAIL.COM
429044,6.03604E+15,RENGAR LLC                                   ,MARIJUANA RETAILER       ,PENDING (ISSUED),395,  ,4204 RUSSELL RD STE M         ,                         ,MUKILTEO                ,WA,SNOHOMISH,982755424,20190806,2083403970,RENGARLLC@OUTLOOK.COM
415132,6.03417E+15,ROYAL'S CANNABIS                             ,MARIJUANA RETAILER       ,ACTIVE (ISSUED),395,  ,7115 N DIVISION ST STE A      ,                         ,SPOKANE                 ,WA,SPOKANE,992086507,20151113,5099954896,INFO@ROYALSCANNABIS.COM
426888,6.03358E+15,SAGE SHOP                                    ,MARIJUANA RETAILER       ,ACTIVE (ISSUED),395,  ,309 N MAIN ST                 ,                         ,OMAK                    ,WA,OKANOGAN,988419745,20180604,5093225286,montana.dutton@gmail.com
413739,6.03354E+15,SATIVA SISTERS                               ,MARIJUANA RETAILER       ,ACTIVE (ISSUED),395,  ,10525 E TRENT AVE STE 1       ,                         ,SPOKANE                 ,WA,SPOKANE,992064516,20151009,2086603909,DAHENRICHS@YAHOO.COM
422764,6.03589E+15,SATIVA SISTERS II                            ,MARIJUANA RETAILER       ,ACTIVE (ISSUED),395,  ,712 5TH ST                    ,                         ,CLARKSTON               ,WA,ASOTIN,994032632,20160824,2062350635,KBERRETH@BERRETHSMITH.COM
414664,6.03349E+15,SATORI                                       ,MARIJUANA RETAILER       ,ACTIVE (ISSUED),395,  ,9301 N DIVISION ST STE B-C    ,                         ,SPOKANE                 ,WA,SPOKANE,992181254,20160104,5099947051,MIKE@MDPCPA.COM
421616,6.03356E+15,SATORI                                       ,MARIJUANA RETAILER       ,ACTIVE (ISSUED),395,  ,100 E MAPLE ST STE A          ,                         ,BELLINGHAM              ,WA,WHATCOM,982255006,20160516,2064191102,QUINN@SATORIMJ.COM
421708,6.03551E+15,SATORI FREMONT                               ,MARIJUANA RETAILER       ,ACTIVE (ISSUED),395,  ,316 N 36TH ST STE B           ,                         ,SEATTLE                 ,WA,KING,981038953,20180430,5099947051,SATORIMJ@GMAIL.COM
428107,6.03585E+15,SAVAGE THC                                   ,MARIJUANA RETAILER       ,ACTIVE (ISSUED),395,  ,4426 WILLIAMS VALLEY RD STE B ,                         ,CLAYTON                 ,WA,STEVENS,991109745,20190222,5099992989,SAVAGETHC@GMAIL.COM
353260,6.04469E+15,SEA CHANGE CANNABIS                          ,MARIJUANA RETAILER       ,ACTIVE (ISSUED),395,  ,282332 HIGHWAY 101 STE 2      ,                         ,PORT TOWNSEND           ,WA,JEFFERSON,983688700,20191002,3603020973,NICOLE@IDEALCANNABIS.NET
414731,6.03358E+15,SEATTLE TONICS                               ,MARIJUANA RETAILER       ,ACTIVE (ISSUED),395,  ,12059 AURORA AVE N            ,                         ,SEATTLE                 ,WA,KING,981338249,20151016,2063636000,INFO@SEATTLETONICS.COM
413519,6.03352E+15,SEATTLE TREES COLLECTIVE                     ,MARIJUANA RETAILER       ,ACTIVE (ISSUED),395,  ,10532 GREENWOOD AVE N         ,                         ,SEATTLE                 ,WA,KING,981338721,20160209,2533208712,INNAT420@GMAIL.COM
413994,6.02484E+15,SECRET HERB SHOP                             ,MARIJUANA RETAILER       ,PENDING (ISSUED),395,  ,2 COLUMBIA DR                 ,STE A                    ,KETTLE FALLS            ,WA,FERRY,991419461,20180102,5096844420,HERBALESCENTS@GMAIL.COM
426677,6.04253E+15,SHELTON CANNABIS COMPANY                     ,MARIJUANA RETAILER       ,ACTIVE (ISSUED),395,  ,1065 SE STATE ROUTE 3         ,                         ,SHELTON                 ,WA,MASON,985849195,20180703,4044063054,GOAMOFO@GMAIL.COM
422139,6.04052E+15,SMOKING CROW                                 ,MARIJUANA RETAILER       ,ACTIVE (ISSUED),395,  ,4264 PACIFIC HWY              ,                         ,BELLINGHAM              ,WA,WHATCOM,982269042,20180615,3603068007,DOMINIC@SMOKINGCROW.COM
86823,6.03357E+15,SPARKET                                      ,MARIJUANA RETAILER       ,ACTIVE (ISSUED),395,  ,1215 E FRONT ST               ,                         ,PORT ANGELES            ,WA,CLALLAM,983624309,20161121,3604604902,WENDYB.RNR@GMAIL.COM
422146,6.03351E+15,SPOKANE GREEN LEAF                           ,MARIJUANA RETAILER       ,ACTIVE (ISSUED),395,  ,9107 N COUNTRY HOMES BLVD #13 ,STE 13                   ,SPOKANE                 ,WA,SPOKANE,992185007,20151011,5099193467,SPOKANEGREENLEAF@GMAIL.COM
429453,6.04034E+15,STARBUDS                                     ,MARIJUANA RETAILER       ,ACTIVE (ISSUED),395,  ,141 SAMISH WAY STE 145        ,                         ,BELLINGHAM              ,WA,WHATCOM,982256033,20191104,3606710111,SHYD1@HOTMAIL.COM
426284,6.03408E+15,STATION 420                                  ,MARIJUANA RETAILER       ,ACTIVE (ISSUED),395,  ,2704 MAIN ST                  ,                         ,UNION GAP               ,WA,YAKIMA,989031754,20180214,5094524200,ADAM@STATION420.US
423829,6.0335E+15,SWEET JANE                                   ,MARIJUANA RETAILER       ,ACTIVE (ISSUED),395,  ,9507 STATE ROUTE 302 NW # B   ,                         ,GIG HARBOR              ,WA,PIERCE,983297102,20161122,2532457831,INFO@SWEETJANENW.COM
415523,6.03359E+15,SWEET LEAF CANNABIS CO                       ,MARIJUANA RETAILER       ,ACTIVE (ISSUED),395,  ,100 OLD HILL RD               ,                         ,ABERDEEN                ,WA,GRAYS HARBOR,985207300,20151009,3605325758,SWEETLEAFABERDEEN@GMAIL.COM
413385,6.0358E+15,SWEET RELEAF                                 ,MARIJUANA RETAILER       ,ACTIVE (ISSUED),395,  ,14637 STATE ROUTE 20          ,                         ,MOUNT VERNON            ,WA,SKAGIT,982737276,20160510,2069621025,MEPLEMMONS@GMAIL.COM
422336,6.03588E+15,SWEET RELIEF CANNABIS EXPRESS                ,MARIJUANA RETAILER       ,ACTIVE (ISSUED),395,  ,1009 E YAKIMA AVE             ,                         ,YAKIMA                  ,WA,YAKIMA,989012558,20160527,3609096327,EHALLOCK.LAW@GMAIL.COM
422460,6.03578E+15,SWEET RELIEF CANNABIS EXPRESS                ,MARIJUANA RETAILER       ,ACTIVE (ISSUED),395,  ,"2947 E HWY 101  STE A, B      ",SUITE A AND B            ,PORT ANGELES            ,WA,CLALLAM,983629059,20160606,3609096327,EHALLOCK.LAW@GMAIL.COM
414002,6.03468E+15,T BROTHERS BUD LODGE                         ,MARIJUANA RETAILER       ,ACTIVE (ISSUED),395,  ,5740 RUDDELL RD SE STE C      ,                         ,LACEY                   ,WA,THURSTON,985030000,20151208,3607917139,MIKE@TBROTHERS502RECREATIONAL.COM
424473,6.03519E+15,TACOMA HOUSE OF CANNABIS                     ,MARIJUANA RETAILER       ,ACTIVE (ISSUED),395,  ,2632 S 38TH ST STE A          ,                         ,TACOMA                  ,WA,PIERCE,984097304,20170217,2532413261,MRFLAMEFIGHTER@GMAIL.COM
415484,6.0437E+15,TENINO CANNABIS BOUTIQUE                     ,MARIJUANA RETAILER       ,ACTIVE (ISSUED),395,  ,449 WICHMAN ST S STE A        ,                         ,TENINO                  ,WA,THURSTON,985899376,20190816,2068185038,LINGYWONG@HOTMAIL.COM
421069,6.04351E+15,THC OF OLYMPIA                               ,MARIJUANA RETAILER       ,ACTIVE (ISSUED),395,  ,3203 MARTIN WAY E STE D       ,                         ,OLYMPIA                 ,WA,THURSTON,985064951,20190701,3605281719,ciaran.wilburn@gmail.com
413596,6.04311E+15,THE BAKE SHOP                                ,MARIJUANA RETAILER       ,ACTIVE (ISSUED),395,  ,4007 MAIN ST                  ,                         ,UNION GAP               ,WA,YAKIMA,989032040,20190122,5093149941,GONZALEP@LIVE.COM
414456,6.03616E+15,THE BAKEREE                                  ,MARIJUANA RETAILER       ,ACTIVE (ISSUED),395,  ,10326 AURORA AVE N            ,                         ,SEATTLE                 ,WA,KING,981339228,20181003,2066969764,ADMIN@THEBAKEREESEATTLE.COM
421261,6.03558E+15,THE BAKEREE                                  ,MARIJUANA RETAILER       ,ACTIVE (ISSUED),395,  ,74 S LUCILE ST  STE 102       ,STE 102                  ,SEATTLE                 ,WA,KING,981342444,20200323,2066590574,Admin@thebakereeseattle.com
353993,6.03348E+15,THE BLACK MARKET                             ,MARIJUANA RETAILER       ,ACTIVE (ISSUED),395,  ,428 10TH ST                   ,                         ,HOQUIAM                 ,WA,GRAYS HARBOR,985500000,20170109,2535721500,jay@notguilty.com.bz
400772,6.03588E+15,THE FIRE HOUSE                               ,MARIJUANA RETAILER       ,ACTIVE (ISSUED),395,  ,1714 CANYON RD                ,                         ,ELLENSBURG              ,WA,KITTITAS,989269739,20160518,3607910112,rybeaner123@gmail.com
413813,6.03355E+15,THE GALLERY CANYON                           ,MARIJUANA RETAILER       ,ACTIVE (ISSUED),395,  ,11821 CANYON RD E             ,                         ,PUYALLUP                ,WA,PIERCE,983734453,20170314,3052988577,TW@THEGALLERYCO.COM
413812,6.03355E+15,THE GALLERY FIFE                             ,MARIJUANA RETAILER       ,ACTIVE (ISSUED),395,  ,5303 PACIFIC HWY E            ,                         ,FIFE                    ,WA,PIERCE,984242601,20171020,2538586202,BANKSSOUNDVIEW@GMAIL.COM
413258,6.03337E+15,THE GALLERY PARKLAND                         ,MARIJUANA RETAILER       ,ACTIVE (ISSUED),395,  ,13005 PACIFIC AVE S           ,                         ,TACOMA                  ,WA,PIERCE,984444857,20160107,3052988577,TW@THEGALLERYCO.COM
413420,6.03337E+15,THE GALLERY SPANAWAY                         ,MARIJUANA RETAILER       ,ACTIVE (ISSUED),395,  ,21802 MOUNTAIN HWY E  STE 1   ,                         ,SPANAWAY                ,WA,PIERCE,983870000,20160303,3052988577,THEGALLERYACCTS@GMAIL.COM
86054,6.03346E+15,THE GREEN SEED                               ,MARIJUANA RETAILER       ,ACTIVE (ISSUED),395,  ,412 S INTERLAKE RD            ,                         ,MOSES LAKE              ,WA,GRANT,988372908,20170609,5098552271,THEGREENSEED@HOTMAIL.COM
413481,6.0334E+15,THE HAPPY CROP SHOPPE                        ,MARIJUANA RETAILER       ,ACTIVE (ISSUED),395,  ,50 ROCK ISLAND RD             ,                         ,EAST WENATCHEE          ,WA,DOUGLAS,988025352,20151011,5098881597,THEHAPPYCROPSHOPPE@GMAIL.COM
413600,6.0334E+15,THE HAPPY CROP SHOPPE                        ,MARIJUANA RETAILER       ,ACTIVE (ISSUED),395,  ,5736 VALE RD                  ,                         ,CASHMERE                ,WA,CHELAN,988150000,20151011,5098882454,THEHAPPYCROPSHOPPE@GMAIL.COM
420934,6.03423E+15,THE HAPPY CROP SHOPPE                        ,MARIJUANA RETAILER       ,ACTIVE (ISSUED),395,  ,1210 N WENATCHEE AVE STE J    ,                         ,WENATCHEE               ,WA,CHELAN,988016707,20160624,5096696835,THEHAPPYCROPSHOPPE@GMAIL.COM
423634,6.03326E+15,THE HERBAL GARDENS                           ,MARIJUANA RETAILER       ,ACTIVE (ISSUED),395,  ,4803 CENTER STREET STE A      ,                         ,TACOMA                  ,WA,PIERCE,984092319,20160819,2532725265,LCKA4@COMCAST.NET
412921,6.03351E+15,THE HIDDEN BUSH                              ,MARIJUANA RETAILER       ,ACTIVE (ISSUED),395,  ,3230 E HWY 101                ,                         ,PORT ANGELES            ,WA,CLALLAM,983629073,20151012,3604529395,THEHIDDENBUSH@YAHOO.COM
420389,6.03303E+15,THE JOINT                                    ,MARIJUANA RETAILER       ,ACTIVE (ISSUED),395,  ,14325 1ST AVE S STE 101       ,                         ,BURIEN                  ,WA,KING,981683418,20160321,2062255555,SHYD1@HOTMAIL.COM
426606,6.03349E+15,THE JOINT                                    ,MARIJUANA RETAILER       ,ACTIVE (ISSUED),395,  ,3502 S 74TH ST                ,                         ,TACOMA                  ,WA,PIERCE,984093912,20180410,4254710283,SMPREDER@GMAIL.COM
415507,6.03359E+15,THE KUSHERY                                  ,MARIJUANA RETAILER       ,ACTIVE (ISSUED),395,  ,5626 134TH PL SE STE B        ,                         ,EVERETT                 ,WA,SNOHOMISH,982085615,20200527,4256337515,THEKUSHERYCATHCART@MAIL.COM
415513,6.03509E+15,THE KUSHERY                                  ,MARIJUANA RETAILER       ,ACTIVE (ISSUED),395,  ,19258 15TH AVE NE STE B       ,                         ,LAKE FOREST PARK        ,WA,KING,981552315,20200527,4252098924,THEKUSHERYLFP@MAIL.COM
415517,6.03359E+15,THE KUSHERY                                  ,MARIJUANA RETAILER       ,ACTIVE (ISSUED),395,  ,18026 STATE ROUTE 9 SE STE 2  ,                         ,SNOHOMISH               ,WA,SNOHOMISH,982965330,20200527,3608633256,THEKUSHERY502@MAIL.COM
420645,6.03359E+15,THE KUSHERY                                  ,MARIJUANA RETAILER       ,ACTIVE (ISSUED),395,  ,27206 88TH AVE NW             ,                         ,STANWOOD                ,WA,SNOHOMISH,982920000,20200527,4256337515,THEKUSHERYJOSH@GMAIL.COM
422632,6.03589E+15,THE LINK                                     ,MARIJUANA RETAILER       ,ACTIVE (ISSUED),395,  ,2211 46TH AVE                 ,                         ,LONGVIEW                ,WA,COWLITZ,986325013,20181119,2062000462,JOSH@FASTTRACKNW.COM
414983,6.03352E+15,THE NOVEL TREE                               ,MARIJUANA RETAILER       ,ACTIVE (ISSUED),395,  ,1817 130TH AVE NE SUITE B & C ,                         ,BELLEVUE                ,WA,KING,980052225,20160126,3609301700,CHRIS@NOVEL-TREE.COM
430084,6.03565E+15,THE POT SHOP BELLINGHAM                      ,MARIJUANA RETAILER       ,ACTIVE (ISSUED),395,  ,1321 W BAKERVIEW RD           ,                         ,BELLINGHAM              ,WA,WHATCOM,982269691,20200317,3607560000,JOHN@THEJOINTBELLINGHAM.COM
414216,6.03352E+15,THE ROACH 420                                ,MARIJUANA RETAILER       ,ACTIVE (ISSUED),395,  ,133 STATE AVE                 ,                         ,BREWSTER                ,WA,DOUGLAS,988129643,20151010,5094497334,THEROACH420@YAHOO.COM
415343,6.03355E+15,THE ROOT CELLAR                              ,MARIJUANA RETAILER       ,ACTIVE (ISSUED),395,  ,23632 NE STATE ROUTE 3        ,                         ,BELFAIR                 ,WA,MASON,985288309,20151222,3604348767,THEROOTCELLAR420@GMAIL.COM
420764,6.03358E+15,THE SAGE SHOP                                ,MARIJUANA RETAILER       ,ACTIVE (ISSUED),395,  ,1096 HWY 153                  ,                         ,METHOW                  ,WA,OKANOGAN,988340000,20191106,5093225286,montana.dutton@gmail.com
412494,6.0335E+15,THE STASH BOX                                ,MARIJUANA RETAILER       ,ACTIVE (ISSUED),395,  ,3108 A ST SE STE F & G        ,                         ,AUBURN                  ,WA,KING,980028811,20151009,2537970959,JOE.B@THESTASHBOXLLC.COM
414716,6.04276E+15,THE TOP SHELF                                ,MARIJUANA RETAILER       ,ACTIVE (ISSUED),395,  ,1305 S HAYFORD RD STE A       ,                         ,AIRWAY HEIGHTS          ,WA,SPOKANE,992245276,20200303,5094741050,JOHNPCHILDS@HOTMAIL.COM
414712,6.0336E+15,THE WEED SHACK                               ,MARIJUANA RETAILER       ,ACTIVE (ISSUED),395,  ,2294 STATE ROUTE 109          ,                         ,HOQUIAM                 ,WA,GRAYS HARBOR,985500000,20151010,2539059448,COLETTETHOMAS@PROTONMAIL.COM
420812,6.04287E+15,"THE ZEN DEN, LLC                             ",MARIJUANA RETAILER       ,ACTIVE (ISSUED),395,  ,257 ENGH RD                   ,                         ,OMAK                    ,WA,OKANOGAN,988419472,20200110,5096990471,KYLEGWALTER@GMAIL.COM
415115,6.03359E+15,THEOREM                                      ,MARIJUANA RETAILER       ,ACTIVE (ISSUED),395,  ,6323 NE BOTHEL WAY            ,                         ,KENMORE                 ,WA,KING,980280000,20151012,2066418344,KENJ@THEOREMCANNABIS.COM
415183,6.0355E+15,"TJ'S CANNABIS BUDS, OILS, AND MORE           ",MARIJUANA RETAILER       ,ACTIVE (ISSUED),395,  ,1428 OLYMPIC HWY S STE A      ,                         ,SHELTON                 ,WA,MASON,985840000,20170612,3604272990,TOM@TJSCANNABIS.COM
417486,6.03447E+15,TOKER FRIENDLY                               ,MARIJUANA RETAILER       ,ACTIVE (ISSUED),395,  ,1515 S LYONS RD  STE B        ,STE B                    ,AIRWAY HEIGHTS          ,WA,SPOKANE,990010000,20160725,5092448728,PAMELPKP@YAHOO.COM
422454,6.03519E+15,TONASKET HOUSE OF CANNABIS                   ,MARIJUANA RETAILER       ,ACTIVE (ISSUED),395,  ,309 4TH ST W STE A            ,                         ,TONASKET                ,WA,OKANOGAN,988550000,20171130,3607853843,MRFLAMEFIGHTER@GMAIL.COM
413369,6.0342E+15,TREEHOUSE CLUB                               ,MARIJUANA RETAILER       ,ACTIVE (ISSUED),395,  ,14421 E TRENT AVE             ,                         ,SPOKANE VALLEY          ,WA,SPOKANE,992161392,20151010,5094132169,PATWASH@COMCAST.NET
414871,6.03357E+15,TROVE MEDICAL AND RECREATIONAL               ,MARIJUANA RETAILER       ,PENDING (ISSUED),395,  ,218 N SAMISH WAY STE 103      ,                         ,BELLINGHAM              ,WA,WHATCOM,982250000,20151124,3603933459,INFO@TROVECANNABIS.COM
400085,6.03519E+15,TWISP HOUSE OF CANNABIS                      ,MARIJUANA RETAILER       ,ACTIVE (ISSUED),395,  ,1017 E METHOW VALLEY HWY      ,                         ,TWISP                   ,WA,OKANOGAN,988560000,20190722,5099970996,ACCOUNTING@HOUSEOFCANNABIS420.COM
414345,6.03535E+15,UNCLE ANDO'S WURLD OF WEED                   ,MARIJUANA RETAILER       ,ACTIVE (ISSUED),395,  ,401 SOUTH BOONE               ,                         ,ABERDEEN                ,WA,GRAYS HARBOR,985208508,20160411,4255036116,matt@hsmwashington.com
420793,6.04598E+15,UNCLE IKE'S                                  ,MARIJUANA RETAILER       ,ACTIVE (ISSUED),395,  ,11064 LAKE CITY WAY NE  STE 6 ,STE 6                    ,SEATTLE                 ,WA,KING,981256730,20200624,2064203784,IAN@IKES.COM
421141,6.04598E+15,UNCLE IKE'S                                  ,MARIJUANA RETAILER       ,ACTIVE (ISSUED),395,  ,501 15TH AVE E                ,                         ,SEATTLE                 ,WA,KING,981120000,20200624,2064203784,ian@ikes.com
421514,6.04598E+15,UNCLE IKE'S                                  ,MARIJUANA RETAILER       ,ACTIVE (ISSUED),395,  ,9822 15TH AVE SW STE B        ,                         ,SEATTLE                 ,WA,KING,981062850,20200624,2064203784,ian@ikes.com
414533,6.04598E+15,UNCLES IKE'S                                 ,MARIJUANA RETAILER       ,ACTIVE (ISSUED),395,  ,2310 EAST UNION ST            ,                         ,SEATTLE                 ,WA,KING,981222966,20200624,2064203784,ian@ikes.com
415010,6.03385E+15,URBAN BUD                                    ,MARIJUANA RETAILER       ,PENDING (ISSUED),395,  ,112 S 24TH ST                 ,                         ,TACOMA                  ,WA,PIERCE,984022904,20151010,2533271572,EVANMARQUES@GMAIL.COM
415445,6.0336E+15,W.C.W. ENTERPRISES                           ,MARIJUANA RETAILER       ,ACTIVE (ISSUED),395,  ,3708 MT BAKER HWY             ,                         ,EVERSON                 ,WA,WHATCOM,982470000,20151009,3603928309,RACHELLE@WCWENTERPRISES.COM
415641,6.03359E+15,WALLA WALLA CANNABIS COMPANY                 ,MARIJUANA RETAILER       ,ACTIVE (ISSUED),395,  ,927 W MAIN ST                 ,                         ,WALLA WALLA             ,WA,WALLA WALLA,993622746,20151014,5098764946,TANGLETOWNHOLDINGS@GMAIL.COM
425273,6.03337E+15,WALLA WALLA WEEDERY                          ,MARIJUANA RETAILER       ,ACTIVE (ISSUED),395,  ,728 IRENE ST                  ,                         ,WALLA WALLA             ,WA,WALLA WALLA,993621604,20171004,5098764279,CHRIS@CREWFIRM.COM
420382,6.03148E+15,WASHINGTON O G                               ,MARIJUANA RETAILER       ,ACTIVE (ISSUED),395,  ,5300 17TH AVE NW   STE B      ,                         ,SEATTLE                 ,WA,KING,981073815,20160204,3038295712,douglas.donnie@gmail.com
422753,6.02798E+15,"WEST COAST ENGINE DESIGN, LLC                ",MARIJUANA RETAILER       ,ACTIVE (ISSUED),395,  ,14500 468TH AVE SE STE B      ,                         ,NORTH BEND              ,WA,KING,980450000,20190307,4257667077,WAYNE@ISOMEDIA.COM
414959,6.03359E+15,WESTERN BUD                                  ,MARIJUANA RETAILER       ,ACTIVE (ISSUED),395,  ,11401 RAINIER AVE S           ,                         ,SEATTLE                 ,WA,KING,981783947,20160315,2066124887,EPHY@WESTERNBUD.COM
412466,6.03074E+15,WESTSIDE420 RECREATIONAL                     ,MARIJUANA RETAILER       ,ACTIVE (ISSUED),395,  ,4503 OCEAN BEACH HWY STE 103  ,                         ,LONGVIEW                ,WA,COWLITZ,986325055,20151009,3604235261,BOOKY66SS@YAHOO.COM
414398,6.03354E+15,WHITE RABBIT RETAIL                          ,MARIJUANA RETAILER       ,ACTIVE (ISSUED),395,  ,15928 HWY 99                  ,                         ,LYNNWOOD                ,WA,SNOHOMISH,980870000,20151011,4257454242,WHITERABBITRETAILERS@GMAIL.COM
414449,6.03402E+15,WORLD OF WEED                                ,MARIJUANA RETAILER       ,ACTIVE (ISSUED),395,  ,3202 E PORTLAND AVE           ,                         ,TACOMA                  ,WA,PIERCE,984044929,20151012,2532729333,ALDEN@WORLDOFWEED.COM
84154,6.04327E+15,ZIPS CANNABIS                                ,MARIJUANA RETAILER       ,ACTIVE (ISSUED),395,  ,3213 S 38TH STE C             ,                         ,TACOMA                  ,WA,PIERCE,984041094,20181207,2532920197,SCOTTATKISON@MAC.COM